CREATE TABLE "game_results" (
  id INTEGER PRIMARY KEY,
  game_id INTEGER NOT NULL,
  player_id INTEGER NOT NULL,
  final_score INTEGER NOT NULL,
  rank INTEGER NOT NULL,
  final_point REAL  NOT NULL
);
INSERT INTO "game_results" VALUES(33,9,1,16300,4,-23.7);
INSERT INTO "game_results" VALUES(34,9,2,31400,1,21.4);
INSERT INTO "game_results" VALUES(35,9,3,24500,3,-5.5);
INSERT INTO "game_results" VALUES(36,9,5,27800,2,7.8);
INSERT INTO "game_results" VALUES(37,10,1,21400,3,-8.6);
INSERT INTO "game_results" VALUES(38,10,2,41300,1,31.3);
INSERT INTO "game_results" VALUES(39,10,3,-3800,4,-43.8);
INSERT INTO "game_results" VALUES(40,10,5,41100,2,21.1);
INSERT INTO "game_results" VALUES(41,11,1,58700,1,48.7);
INSERT INTO "game_results" VALUES(42,11,2,18100,3,-11.9);
INSERT INTO "game_results" VALUES(43,11,3,-1700,4,-41.7);
INSERT INTO "game_results" VALUES(44,11,5,24900,2,4.9);
INSERT INTO "game_results" VALUES(45,12,1,54900,1,44.9);
INSERT INTO "game_results" VALUES(46,12,2,31600,2,11.6);
INSERT INTO "game_results" VALUES(47,12,3,19100,3,-10.9);
INSERT INTO "game_results" VALUES(48,12,5,-5600,4,-45.6);
INSERT INTO "game_results" VALUES(49,13,1,-300,3,-30.3);
INSERT INTO "game_results" VALUES(50,13,2,14200,2,-5.8);
INSERT INTO "game_results" VALUES(51,13,3,91200,1,81.2);
INSERT INTO "game_results" VALUES(52,13,5,-5100,4,-45.1);
INSERT INTO "game_results" VALUES(53,14,1,44200,1,34.2);
INSERT INTO "game_results" VALUES(54,14,2,25800,2,5.8);
INSERT INTO "game_results" VALUES(55,14,3,18600,3,-11.4);
INSERT INTO "game_results" VALUES(56,14,5,11400,4,-28.6);
INSERT INTO "game_results" VALUES(57,15,1,40100,1,30.1);
INSERT INTO "game_results" VALUES(58,15,2,7800,4,-32.2);
INSERT INTO "game_results" VALUES(59,15,3,32600,2,12.6);
INSERT INTO "game_results" VALUES(60,15,5,19500,3,-10.5);
INSERT INTO "game_results" VALUES(61,16,1,-700,4,-40.7);
INSERT INTO "game_results" VALUES(62,16,2,26600,3,-3.4);
INSERT INTO "game_results" VALUES(63,16,3,32800,2,12.8);
INSERT INTO "game_results" VALUES(64,16,5,41300,1,31.3);
INSERT INTO "game_results" VALUES(65,17,1,21000,3,-9.0);
INSERT INTO "game_results" VALUES(66,17,2,52400,1,42.4);
INSERT INTO "game_results" VALUES(67,17,3,-3000,4,-43.0);
INSERT INTO "game_results" VALUES(68,17,5,29600,2,9.6);
INSERT INTO "game_results" VALUES(69,18,1,45700,2,25.7);
INSERT INTO "game_results" VALUES(70,18,2,46200,1,36.2);
INSERT INTO "game_results" VALUES(71,18,3,2600,4,-37.4);
INSERT INTO "game_results" VALUES(72,18,5,5500,3,-24.5);
INSERT INTO "game_results" VALUES(73,19,1,35400,2,15.4);
INSERT INTO "game_results" VALUES(74,19,2,50200,1,40.2);
INSERT INTO "game_results" VALUES(75,19,3,6800,4,-33.2);
INSERT INTO "game_results" VALUES(76,19,5,7600,3,-22.4);
INSERT INTO "game_results" VALUES(77,20,1,18000,3,-12.0);
INSERT INTO "game_results" VALUES(78,20,2,-8400,4,-48.4);
INSERT INTO "game_results" VALUES(79,20,3,31500,2,11.5);
INSERT INTO "game_results" VALUES(80,20,5,58900,1,48.9);
INSERT INTO "game_results" VALUES(81,21,1,19800,3,-10.2);
INSERT INTO "game_results" VALUES(82,21,2,58000,1,48.0);
INSERT INTO "game_results" VALUES(83,21,3,-7000,4,-47.0);
INSERT INTO "game_results" VALUES(84,21,5,29200,2,9.2);
INSERT INTO "game_results" VALUES(85,22,1,24500,2,4.5);
INSERT INTO "game_results" VALUES(86,22,2,16600,3,-13.4);
INSERT INTO "game_results" VALUES(87,22,3,46300,1,36.3);
INSERT INTO "game_results" VALUES(88,22,4,12600,4,-27.4);
INSERT INTO "game_results" VALUES(89,23,1,60100,1,50.1);
INSERT INTO "game_results" VALUES(90,23,2,13700,3,-16.3);
INSERT INTO "game_results" VALUES(91,23,3,-3600,4,-43.6);
INSERT INTO "game_results" VALUES(92,23,4,29800,2,9.8);
INSERT INTO "game_results" VALUES(93,24,1,7000,4,-33.0);
INSERT INTO "game_results" VALUES(94,24,2,14300,3,-15.7);
INSERT INTO "game_results" VALUES(95,24,3,47400,1,37.4);
INSERT INTO "game_results" VALUES(96,24,4,31300,2,11.3);
INSERT INTO "game_results" VALUES(97,25,1,7700,4,-32.3);
INSERT INTO "game_results" VALUES(98,25,2,25100,2,5.1);
INSERT INTO "game_results" VALUES(99,25,3,23200,3,-6.8);
INSERT INTO "game_results" VALUES(100,25,4,44000,1,34.0);
INSERT INTO "game_results" VALUES(101,26,1,53800,1,43.8);
INSERT INTO "game_results" VALUES(102,26,5,2900,4,-37.1);
INSERT INTO "game_results" VALUES(103,26,3,32400,2,12.4);
INSERT INTO "game_results" VALUES(104,26,4,10900,3,-19.1);
INSERT INTO "game_results" VALUES(105,27,1,12300,3,-17.7);
INSERT INTO "game_results" VALUES(106,27,5,-300,4,-40.3);
INSERT INTO "game_results" VALUES(107,27,3,52000,1,42.0);
INSERT INTO "game_results" VALUES(108,27,4,36000,2,16.0);
INSERT INTO "game_results" VALUES(109,28,1,64000,1,54.0);
INSERT INTO "game_results" VALUES(110,28,5,-6400,4,-46.4);
INSERT INTO "game_results" VALUES(111,28,3,11400,3,-18.6);
INSERT INTO "game_results" VALUES(112,28,4,31000,2,11.0);
INSERT INTO "game_results" VALUES(113,29,1,61200,1,51.2);
INSERT INTO "game_results" VALUES(114,29,2,11500,3,-18.5);
INSERT INTO "game_results" VALUES(115,29,3,1800,4,-38.2);
INSERT INTO "game_results" VALUES(116,29,5,25500,2,5.5);
INSERT INTO "game_results" VALUES(117,30,1,29400,2,9.4);
INSERT INTO "game_results" VALUES(118,30,2,48600,1,38.6);
INSERT INTO "game_results" VALUES(119,30,3,6700,4,-33.3);
INSERT INTO "game_results" VALUES(120,30,5,15300,3,-14.7);
INSERT INTO "game_results" VALUES(121,31,1,32700,3,2.7);
INSERT INTO "game_results" VALUES(122,31,2,40000,1,30.0);
INSERT INTO "game_results" VALUES(123,31,3,34700,2,14.7);
INSERT INTO "game_results" VALUES(124,31,5,-7400,4,-47.4);
INSERT INTO "game_results" VALUES(125,32,1,-5100,4,-45.1);
INSERT INTO "game_results" VALUES(126,32,2,6500,3,-23.5);
INSERT INTO "game_results" VALUES(127,32,3,59400,1,49.4);
INSERT INTO "game_results" VALUES(128,32,5,39200,2,19.2);
INSERT INTO "game_results" VALUES(129,33,1,23400,2,3.4);
INSERT INTO "game_results" VALUES(130,33,2,-900,4,-40.9);
INSERT INTO "game_results" VALUES(131,33,3,55100,1,45.1);
INSERT INTO "game_results" VALUES(132,33,5,22400,3,-7.6);
INSERT INTO "game_results" VALUES(133,34,1,-2000,4,-42.0);
INSERT INTO "game_results" VALUES(134,34,2,25100,3,-4.9);
INSERT INTO "game_results" VALUES(135,34,3,38900,1,28.9);
INSERT INTO "game_results" VALUES(136,34,5,38000,2,18.0);
INSERT INTO "game_results" VALUES(137,35,1,48100,1,38.1);
INSERT INTO "game_results" VALUES(138,35,2,14800,4,-25.2);
INSERT INTO "game_results" VALUES(139,35,3,19800,2,-0.2);
INSERT INTO "game_results" VALUES(140,35,5,17300,3,-12.7);
INSERT INTO "game_results" VALUES(141,36,1,9900,4,-30.1);
INSERT INTO "game_results" VALUES(142,36,2,42000,1,32.0);
INSERT INTO "game_results" VALUES(143,36,3,20100,3,-9.9);
INSERT INTO "game_results" VALUES(144,36,5,28000,2,8.0);
INSERT INTO "game_results" VALUES(145,37,1,64700,1,54.7);
INSERT INTO "game_results" VALUES(146,37,2,21800,2,1.8);
INSERT INTO "game_results" VALUES(147,37,3,13200,3,-16.8);
INSERT INTO "game_results" VALUES(148,37,5,300,4,-39.7);
INSERT INTO "game_results" VALUES(149,38,1,63100,1,53.1);
INSERT INTO "game_results" VALUES(150,38,2,10500,3,-19.5);
INSERT INTO "game_results" VALUES(151,38,3,26500,2,6.5);
INSERT INTO "game_results" VALUES(152,38,4,-100,4,-40.1);
INSERT INTO "game_results" VALUES(153,39,1,35200,2,15.2);
INSERT INTO "game_results" VALUES(154,39,2,700,4,-39.3);
INSERT INTO "game_results" VALUES(155,39,3,40600,1,30.6);
INSERT INTO "game_results" VALUES(156,39,4,23500,3,-6.5);
INSERT INTO "game_results" VALUES(157,40,1,35800,2,15.8);
INSERT INTO "game_results" VALUES(158,40,2,41300,1,31.3);
INSERT INTO "game_results" VALUES(159,40,3,23400,3,-6.6);
INSERT INTO "game_results" VALUES(160,40,4,-500,4,-40.5);
INSERT INTO "game_results" VALUES(161,41,1,32000,2,12.0);
INSERT INTO "game_results" VALUES(162,41,2,12200,4,-27.8);
INSERT INTO "game_results" VALUES(163,41,3,35800,1,25.8);
INSERT INTO "game_results" VALUES(164,41,4,20000,3,-10.0);
INSERT INTO "game_results" VALUES(165,42,1,43800,1,33.8);
INSERT INTO "game_results" VALUES(166,42,2,20000,3,-10.0);
INSERT INTO "game_results" VALUES(167,42,3,6100,4,-33.9);
INSERT INTO "game_results" VALUES(168,42,4,30100,2,10.1);
INSERT INTO "game_results" VALUES(169,43,1,49500,1,39.5);
INSERT INTO "game_results" VALUES(170,43,2,27400,3,-2.6);
INSERT INTO "game_results" VALUES(171,43,3,-5000,4,-45.0);
INSERT INTO "game_results" VALUES(172,43,4,28100,2,8.1);
INSERT INTO "game_results" VALUES(173,44,1,37900,1,27.9);
INSERT INTO "game_results" VALUES(174,44,2,32700,2,12.7);
INSERT INTO "game_results" VALUES(175,44,3,16800,3,-13.2);
INSERT INTO "game_results" VALUES(176,44,4,12600,4,-27.4);
INSERT INTO "game_results" VALUES(177,45,1,27900,3,-2.1);
INSERT INTO "game_results" VALUES(178,45,2,39900,1,29.9);
INSERT INTO "game_results" VALUES(179,45,3,29200,2,9.2);
INSERT INTO "game_results" VALUES(180,45,4,3000,4,-37.0);
INSERT INTO "game_results" VALUES(181,46,1,33100,1,23.1);
INSERT INTO "game_results" VALUES(182,46,2,15900,4,-24.1);
INSERT INTO "game_results" VALUES(183,46,3,24700,3,-5.3);
INSERT INTO "game_results" VALUES(184,46,4,26300,2,6.3);
INSERT INTO "game_results" VALUES(185,47,1,19300,3,-10.7);
INSERT INTO "game_results" VALUES(186,47,2,50500,1,40.5);
INSERT INTO "game_results" VALUES(187,47,3,9300,4,-30.7);
INSERT INTO "game_results" VALUES(188,47,4,20900,2,0.9);
INSERT INTO "game_results" VALUES(189,48,1,24600,3,-5.4);
INSERT INTO "game_results" VALUES(190,48,2,51300,1,41.3);
INSERT INTO "game_results" VALUES(191,48,3,27300,2,7.3);
INSERT INTO "game_results" VALUES(192,48,4,-3200,4,-43.2);
INSERT INTO "game_results" VALUES(193,49,1,8000,4,-32.0);
INSERT INTO "game_results" VALUES(194,49,2,30800,2,10.8);
INSERT INTO "game_results" VALUES(195,49,3,36700,1,26.7);
INSERT INTO "game_results" VALUES(196,49,4,24500,3,-5.5);
INSERT INTO "game_results" VALUES(197,50,1,41700,1,31.7);
INSERT INTO "game_results" VALUES(198,50,2,17900,3,-12.1);
INSERT INTO "game_results" VALUES(199,50,3,5600,4,-34.4);
INSERT INTO "game_results" VALUES(200,50,4,34800,2,14.8);
INSERT INTO "game_results" VALUES(201,51,1,20800,2,-9.2);
INSERT INTO "game_results" VALUES(202,51,2,20800,2,-9.2);
INSERT INTO "game_results" VALUES(203,51,3,4200,4,-35.8);
INSERT INTO "game_results" VALUES(204,51,4,54200,1,44.2);
INSERT INTO "game_results" VALUES(233,59,1,47200,1,37.2);
INSERT INTO "game_results" VALUES(234,59,2,24400,2,4.4);
INSERT INTO "game_results" VALUES(235,59,3,13800,4,-26.2);
INSERT INTO "game_results" VALUES(236,59,5,14600,3,-15.4);
INSERT INTO "game_results" VALUES(237,60,1,18600,3,-11.4);
INSERT INTO "game_results" VALUES(238,60,2,37800,1,27.8);
INSERT INTO "game_results" VALUES(239,60,3,31700,2,11.7);
INSERT INTO "game_results" VALUES(240,60,5,11900,4,-28.1);
INSERT INTO "game_results" VALUES(241,61,1,42300,1,32.3);
INSERT INTO "game_results" VALUES(242,61,2,21900,2,1.9);
INSERT INTO "game_results" VALUES(243,61,3,19600,3,-10.4);
INSERT INTO "game_results" VALUES(244,61,5,16200,4,-23.8);
INSERT INTO "game_results" VALUES(245,62,1,40000,1,30.0);
INSERT INTO "game_results" VALUES(246,62,2,17200,3,-12.8);
INSERT INTO "game_results" VALUES(247,62,3,36400,2,16.4);
INSERT INTO "game_results" VALUES(248,62,5,6400,4,-33.6);
INSERT INTO "game_results" VALUES(249,63,1,45900,1,35.9);
INSERT INTO "game_results" VALUES(250,63,2,16500,3,-13.5);
INSERT INTO "game_results" VALUES(251,63,3,43100,2,23.1);
INSERT INTO "game_results" VALUES(252,63,5,-5500,4,-45.5);
INSERT INTO "game_results" VALUES(253,64,1,8400,4,-31.6);
INSERT INTO "game_results" VALUES(254,64,2,16200,3,-13.8);
INSERT INTO "game_results" VALUES(255,64,3,42300,1,32.3);
INSERT INTO "game_results" VALUES(256,64,5,33100,2,13.1);
INSERT INTO "game_results" VALUES(257,65,1,28500,2,8.5);
INSERT INTO "game_results" VALUES(258,65,2,47600,1,37.6);
INSERT INTO "game_results" VALUES(259,65,3,12000,3,-18.0);
INSERT INTO "game_results" VALUES(260,65,5,11900,4,-28.1);
INSERT INTO "game_results" VALUES(261,66,1,41000,2,21.0);
INSERT INTO "game_results" VALUES(262,66,2,16400,3,-13.6);
INSERT INTO "game_results" VALUES(263,66,3,56900,1,46.9);
INSERT INTO "game_results" VALUES(264,66,5,-14300,4,-54.3);
INSERT INTO "game_results" VALUES(265,67,1,18300,3,-11.7);
INSERT INTO "game_results" VALUES(266,67,2,36800,1,26.8);
INSERT INTO "game_results" VALUES(267,67,3,28900,2,8.9);
INSERT INTO "game_results" VALUES(268,67,5,16000,4,-24.0);
INSERT INTO "game_results" VALUES(269,68,1,21700,3,-8.3);
INSERT INTO "game_results" VALUES(270,68,2,30000,1,20.0);
INSERT INTO "game_results" VALUES(271,68,3,28600,2,8.6);
INSERT INTO "game_results" VALUES(272,68,5,19700,4,-20.3);
INSERT INTO "game_results" VALUES(273,69,1,32100,2,12.1);
INSERT INTO "game_results" VALUES(274,69,2,13100,4,-26.9);
INSERT INTO "game_results" VALUES(275,69,3,37300,1,27.3);
INSERT INTO "game_results" VALUES(276,69,5,17500,3,-12.5);
INSERT INTO "game_results" VALUES(277,70,1,29200,3,-0.8);
INSERT INTO "game_results" VALUES(278,70,2,36800,1,26.8);
INSERT INTO "game_results" VALUES(279,70,3,36500,2,16.5);
INSERT INTO "game_results" VALUES(280,70,5,-2500,4,-42.5);
INSERT INTO "game_results" VALUES(281,71,1,-8000,4,-48.0);
INSERT INTO "game_results" VALUES(282,71,2,35900,2,15.9);
INSERT INTO "game_results" VALUES(283,71,3,32200,3,2.2);
INSERT INTO "game_results" VALUES(284,71,5,39900,1,29.9);
CREATE TABLE games (
  id INTEGER NOT NULL,
  date DATE NOT NULL,
  match_number INTEGER NOT NULL,
  umaoka_rule_id INTEGER NOT NULL,
  PRIMARY KEY (id)
);
INSERT INTO "games" VALUES(9,'2022-05-13',1,3);
INSERT INTO "games" VALUES(10,'2022-05-13',2,3);
INSERT INTO "games" VALUES(11,'2022-05-13',3,3);
INSERT INTO "games" VALUES(12,'2022-05-27',1,3);
INSERT INTO "games" VALUES(13,'2022-05-27',2,3);
INSERT INTO "games" VALUES(14,'2022-05-27',3,3);
INSERT INTO "games" VALUES(15,'2022-05-27',4,3);
INSERT INTO "games" VALUES(16,'2022-08-05',1,3);
INSERT INTO "games" VALUES(17,'2022-08-05',2,3);
INSERT INTO "games" VALUES(18,'2022-08-05',3,3);
INSERT INTO "games" VALUES(19,'2022-08-05',4,3);
INSERT INTO "games" VALUES(20,'2022-08-05',5,3);
INSERT INTO "games" VALUES(21,'2022-08-19',1,3);
INSERT INTO "games" VALUES(22,'2022-08-19',1,3);
INSERT INTO "games" VALUES(23,'2022-08-19',2,3);
INSERT INTO "games" VALUES(24,'2022-08-19',3,3);
INSERT INTO "games" VALUES(25,'2023-08-14',1,3);
INSERT INTO "games" VALUES(26,'2023-10-08',1,3);
INSERT INTO "games" VALUES(27,'2023-10-08',2,3);
INSERT INTO "games" VALUES(28,'2023-10-08',3,3);
INSERT INTO "games" VALUES(29,'2024-05-17',1,3);
INSERT INTO "games" VALUES(30,'2024-05-17',2,3);
INSERT INTO "games" VALUES(31,'2024-05-17',3,3);
INSERT INTO "games" VALUES(32,'2024-05-17',4,3);
INSERT INTO "games" VALUES(33,'2024-05-17',5,3);
INSERT INTO "games" VALUES(34,'2024-05-17',6,3);
INSERT INTO "games" VALUES(35,'2024-05-17',7,3);
INSERT INTO "games" VALUES(36,'2024-05-17',8,3);
INSERT INTO "games" VALUES(37,'2024-05-17',9,3);
INSERT INTO "games" VALUES(38,'2024-06-22',1,3);
INSERT INTO "games" VALUES(39,'2024-06-22',2,3);
INSERT INTO "games" VALUES(40,'2024-06-22',3,3);
INSERT INTO "games" VALUES(41,'2024-06-22',4,3);
INSERT INTO "games" VALUES(42,'2024-06-22',5,3);
INSERT INTO "games" VALUES(43,'2025-08-05',1,3);
INSERT INTO "games" VALUES(44,'2025-08-05',2,3);
INSERT INTO "games" VALUES(45,'2025-08-05',3,3);
INSERT INTO "games" VALUES(46,'2025-08-05',4,3);
INSERT INTO "games" VALUES(47,'2026-01-11',1,3);
INSERT INTO "games" VALUES(48,'2026-01-11',2,3);
INSERT INTO "games" VALUES(49,'2026-01-11',3,3);
INSERT INTO "games" VALUES(50,'2026-01-11',4,3);
INSERT INTO "games" VALUES(51,'2026-01-11',5,3);
INSERT INTO "games" VALUES(59,'2026-01-31',1,3);
INSERT INTO "games" VALUES(60,'2026-01-31',2,3);
INSERT INTO "games" VALUES(61,'2026-01-31',3,3);
INSERT INTO "games" VALUES(62,'2026-01-31',4,3);
INSERT INTO "games" VALUES(63,'2026-01-31',5,3);
INSERT INTO "games" VALUES(64,'2026-01-31',6,3);
INSERT INTO "games" VALUES(65,'2026-01-31',7,3);
INSERT INTO "games" VALUES(66,'2026-01-31',8,3);
INSERT INTO "games" VALUES(67,'2026-03-15',1,3);
INSERT INTO "games" VALUES(68,'2026-03-15',2,3);
INSERT INTO "games" VALUES(69,'2026-03-15',3,3);
INSERT INTO "games" VALUES(70,'2026-03-15',4,3);
INSERT INTO "games" VALUES(71,'2026-03-15',5,3);
CREATE TABLE logs (
  id INTEGER PRIMARY KEY AUTOINCREMENT,
  message TEXT NOT NULL,
  operated_at DATETIME NOT NULL
);
INSERT INTO "logs" VALUES(1,'メイン画面の作成が完了しました。','2026-04-10 00:00:00');
INSERT INTO "logs" VALUES(2,'対戦履歴画面の作成が完了しました。','2026-04-10 00:00:00');
INSERT INTO "logs" VALUES(3,'データ登録画面、データ編集・削除画面の作成が完了しました。','2026-04-10 00:00:00');
INSERT INTO "logs" VALUES(4,'プレイヤー一覧画面の作成が完了しました。','2026-04-10 00:00:00');
INSERT INTO "logs" VALUES(5,'ログ画面の作成が完了しました。','2026-04-10 00:00:00');
INSERT INTO "logs" VALUES(8,'2026年03月15日の試合データの編集が完了しました。','2026-04-09 12:22:04');
INSERT INTO "logs" VALUES(9,'2026年03月15日の試合データの編集が完了しました。','2026-04-09 12:22:20');
INSERT INTO "logs" VALUES(10,'2026年03月15日の試合データの編集が完了しました。','2026-04-09 12:24:29');
INSERT INTO "logs" VALUES(11,'2026年03月15日の試合データの編集が完了しました。','2026-04-09 12:34:38');
INSERT INTO "logs" VALUES(12,'2026年03月15日の試合データの編集が完了しました。','2026-04-09 12:37:06');
INSERT INTO "logs" VALUES(13,'2026年03月15日の試合データの編集が完了しました。','2026-04-09 12:40:57');
INSERT INTO "logs" VALUES(14,'2026年04月09日の試合データの登録が完了しました。','2026-04-09 12:41:28');
INSERT INTO "logs" VALUES(15,'2026年04月09日の試合データの登録が完了しました。','2026-04-09 12:41:37');
INSERT INTO "logs" VALUES(16,'2026年04月09日の試合データの登録が完了しました。','2026-04-09 12:41:46');
INSERT INTO "logs" VALUES(17,'2026年04月09日の試合データの削除が完了しました。','2026-04-09 12:42:26');
CREATE TABLE players (
	id INTEGER NOT NULL, 
	name TEXT NOT NULL, icon_path TEXT, 
	PRIMARY KEY (id)
);
INSERT INTO "players" VALUES(1,'池田 昂平','/uploads/players/player_1.png');
INSERT INTO "players" VALUES(2,'石戸 蓮','/uploads/players/player_2.png');
INSERT INTO "players" VALUES(3,'大平 健太郎','/uploads/players/player_3.png');
INSERT INTO "players" VALUES(4,'加藤 涼太','/uploads/players/player_4.png');
INSERT INTO "players" VALUES(5,'CPU','/uploads/players/player_5.png');
CREATE TABLE uma_oka_rules (
	id INTEGER NOT NULL, 
	oka INTEGER NOT NULL, 
	uma1 INTEGER NOT NULL, 
	uma2 INTEGER NOT NULL, 
	name TEXT NOT NULL, start_score INTEGER DEFAULT 25000, 
	PRIMARY KEY (id)
);
INSERT INTO "uma_oka_rules" VALUES(1,30000,20,10,'デフォルト',25000);
INSERT INTO "uma_oka_rules" VALUES(2,30000,30,10,'Mリーグ',25000);
INSERT INTO "uma_oka_rules" VALUES(3,25000,15,5,'雀魂',25000);
INSERT INTO "uma_oka_rules" VALUES(4,30000,30,10,'最高位戦',30000);
INSERT INTO "uma_oka_rules" VALUES(5,30000,8,4,'連盟',30000);
INSERT INTO "uma_oka_rules" VALUES(6,25000,30,10,'協会',25000);
INSERT INTO "uma_oka_rules" VALUES(7,30000,15,5,'RMU',30000);
INSERT INTO "uma_oka_rules" VALUES(8,30000,12,4,'麻将連合',30000);
CREATE VIEW player_total_stats AS
SELECT
  p.id AS player_id,
  p.name AS player_name,
  gr.rank,
  gr.final_point,
  gr.final_score,
  g.umaoka_rule_id,
  g.date
FROM players p
LEFT JOIN game_results gr ON gr.player_id = p.id
LEFT JOIN games g ON g.id = gr.game_id;
DELETE FROM "sqlite_sequence";
INSERT INTO "sqlite_sequence" VALUES('logs',17);
